代碼,學校名稱,公/私立,縣市名稱,地址,電話,網址,備註,
061601,私立華盛頓國小,私立,[06]臺中市,[427]臺中市潭子區潭興路一段165巷300號,(04)25393299,http://www.wes.tc.edu.tw,
064601,市立豐原國小,公立,[06]臺中市,[420]臺中市豐原區新生北路155號,(04)25222066,http://www.fyes.tc.edu.tw,
064602,市立瑞穗國小,公立,[06]臺中市,[420]臺中市豐原區西安街72號,(04)25262064,http://www.rses.tc.edu.tw,
064603,市立南陽國小,公立,[06]臺中市,[420]臺中市豐原區中陽里南陽路440號,(04)25222521,http://www.nyes.tc.edu.tw,
064604,市立富春國小,公立,[06]臺中市,[420]臺中市豐原區豐西里中山路455號,(04)25222542,http://www.fcps.tc.edu.tw,
064605,市立豐村國小,公立,[06]臺中市,[420]臺中市豐原區水源路341號,(04)25222468,http://www.fces.tc.edu.tw,
064606,市立翁子國小,公立,[06]臺中市,[420]臺中市豐原區翁子里豐勢路2段290巷3號,(04)25223369,http://www.wtps.tc.edu.tw,
064607,市立豐田國小,公立,[06]臺中市,[420]臺中市豐原區田心路二段290號,(04)25262891,http://www.ftes.tc.edu.tw,
064608,市立合作國小,公立,[06]臺中市,[420]臺中市豐原區三村里西勢路410號,(04)25323241,http://www.htes.tc.edu.tw/,
064609,市立內埔國小,公立,[06]臺中市,[421]臺中市后里區文化路30號,(04)25562003,http://www.npps.tc.edu.tw,
064610,市立后里國小,公立,[06]臺中市,[421]臺中市后里區義里里甲后路一段168號,(04)25562294,http://163.17.62.7,
064611,市立月眉國小,公立,[06]臺中市,[421]臺中市后里區眉山里甲后路二段588號,(04)25562342,http://www.ymps.tc.edu.tw,
064612,市立七星國小,公立,[06]臺中市,[421]臺中市后里區墩南里南村路389號,(04)25562608,http://www.cshes.tc.edu.tw,
064613,市立育英國小,公立,[06]臺中市,[421]臺中市后里區太平里四月路23號,(04)25562374,http://163.17.154.3,
064614,市立后里區泰安國小,公立,[06]臺中市,[421]臺中市后里區泰安里安眉路5號,(04)25562364,http://www.taps.tc.edu.tw,
064615,市立神岡國小,公立,[06]臺中市,[429]臺中市神岡區神岡里神圳路1號,(04)25622406,http://www.skaes.tc.edu.tw,
064616,市立豐洲國小,公立,[06]臺中市,[429]臺中市神岡區豐洲里豐洲路482號,(04)25223351,http://www.pjes.tc.edu.tw,
064617,市立社口國小,公立,[06]臺中市,[429]臺中市神岡區社南里社南街136號,(04)25626834,http://www.skes.tc.edu.tw,
064618,市立圳堵國小,公立,[06]臺中市,[429]臺中市神岡區圳堵里五鄰三民路639號,(04)25623734,http://163.17.89.10,
064619,市立岸裡國小,公立,[06]臺中市,[429]臺中市神岡區中山路52號,(04)25222215,http://www2.olps.tc.edu.tw,
064620,市立大雅國小,公立,[06]臺中市,[428]臺中市大雅區二和里學府路230號,(04)25667766,http://www.tyaes.tc.edu.tw,
064621,市立三和國小,公立,[06]臺中市,[428]臺中市大雅區三和里春亭2街1號,(04)25664494,http://www.shes.tc.edu.tw,
064622,市立大明國小,公立,[06]臺中市,[428]臺中市大雅區中清路四段158號,(04)25651300,http://www.tmes.tc.edu.tw,
064623,市立上楓國小,公立,[06]臺中市,[428]臺中市大雅區上楓里楓林街232號,(04)25663664,http://www.sfes.tc.edu.tw,
064624,市立汝鎏國小,公立,[06]臺中市,[428]臺中市大雅區秀山里平和路238號,(04)25661454,http://www.rles.tc.edu.tw,
064625,市立陽明國小,公立,[06]臺中市,[428]臺中市大雅區秀山里秀山路365號,(04)25661554,http://www.ymies.tc.edu.tw,
064626,市立潭子國小,公立,[06]臺中市,[427]臺中市潭子區中山路二段435號,(04)25324610,http://www.tzps.tc.edu.tw,
064627,市立僑忠國小,公立,[06]臺中市,[427]臺中市潭子區中山路二段31號,(04)25324740,http://www.czes.tc.edu.tw,
064628,市立東寶國小,公立,[06]臺中市,[427]臺中市潭子區雅潭路三段2號,(04)25324564,http://www.tbes.tc.edu.tw,
064629,市立潭子區新興國小,公立,[06]臺中市,[427]臺中市潭子區潭興路一段25號,(04)25364571,http://www.hhes.tc.edu.tw,
064630,市立外埔國小,公立,[06]臺中市,[438]臺中市外埔區大同里外埔路878號,(04)26832865,http://www.wpes.tc.edu.tw,
064631,市立安定國小,公立,[06]臺中市,[438]臺中市外埔區土城里土城西路55號,(04)26831446,http://www.ades.tc.edu.tw,
064632,市立鐵山國小,公立,[06]臺中市,[438]臺中市外埔區鐵山里長生路576號,(04)26835033,http://www.tsps.tc.edu.tw,
064633,市立馬鳴國小,公立,[06]臺中市,[438]臺中市外埔區中山里東西巷13號,(04)26834114,http://www.mmps.tc.edu.tw,
064634,市立水美國小,公立,[06]臺中市,[438]臺中市外埔區水美里二崁路390巷63號,(04)26876508,http://www.smes.tc.edu.tw,
064635,市立東勢國小,公立,[06]臺中市,[423]臺中市東勢區廣興里第五橫街1號,(04)25873442,http://www.tses.tc.edu.tw,
064636,市立中山國小,公立,[06]臺中市,[423]臺中市東勢區泰昌里中泰街88號,(04)25872471,http://www.csps.tc.edu.tw,
064637,市立石城國小,公立,[06]臺中市,[423]臺中市東勢區茂興里石城街182巷26號,(04)25873152,http://www.sches.tc.edu.tw,
064638,市立東勢區成功國小,公立,[06]臺中市,[423]臺中市東勢區慶東里東關路298號,(04)25852040,http://www.ckaps.tc.edu.tw,
064639,市立石角國小,公立,[06]臺中市,[423]臺中市東勢區東坑路西盛巷22號,(04)25873011,http://www.sjps.tc.edu.tw,
064640,市立中科國小,公立,[06]臺中市,[423]臺中市東勢區東崎路4段92巷16號,(04)25872534,http://www.ckees.tc.edu.tw,
064641,市立新成國小,公立,[06]臺中市,[423]臺中市東勢區上城街260號,(04)25853447,http://tw.school.uschoolnet.com/?id=es00001246,
064642,市立明正國小,公立,[06]臺中市,[423]臺中市東勢區明正里東蘭路永盛巷57-1號,(04)25874455,http://tw.school.uschoolnet.com/?id=es00001243,
064643,市立石岡國小,公立,[06]臺中市,[422]臺中市石岡區石岡里石岡街123號,(04)25723006,http://www.skaps.tc.edu.tw,
064644,市立土牛國小,公立,[06]臺中市,[422]臺中市石岡區土牛里豐勢路308號,(04)25816043,http://www.tnps.tc.edu.tw,
064645,市立新社國小,公立,[06]臺中市,[426]臺中市新社區新社里興社街4段1巷2號,(04)25811204,http://www.hsps.tc.edu.tw/,
064646,市立新社區東興國小,公立,[06]臺中市,[426]臺中市新社區東興里興社街一段國校巷13號,(04)25811467,http://www.dxps.tc.edu.tw,
064647,市立大南國小,公立,[06]臺中市,[426]臺中市新社區大南里興中街47號,(04)25811574,http://www.dnps.tc.edu.tw,
064648,市立協成國小,公立,[06]臺中市,[426]臺中市新社區協成里興義街219號,(04)25813437,http://163.17.161.129,
064649,市立大林國小,公立,[06]臺中市,[426]臺中市新社區福興里美林38號,(04)25941995,http://www.dles.tc.edu.tw,
064650,市立崑山國小,公立,[06]臺中市,[426]臺中市新社區崑山里崑南街崑崙巷5-2號,(04)25812496,http://www.ksps.tc.edu.tw,
064651,市立中和國小,公立,[06]臺中市,[426]臺中市新社區中和里中興街129號,(04)25931001,http://www.ches.tc.edu.tw,
064652,市立清水國小,公立,[06]臺中市,[436]臺中市清水區光華路125號,(04)26222004,http://www.cses.tc.edu.tw,
064653,市立西寧國小,公立,[06]臺中市,[436]臺中市清水區西寧里五權東路50號,(04)26222430,http://www.hnes.tc.edu.tw,
064654,市立建國國小,公立,[06]臺中市,[436]臺中市清水區西社里建國路10號,(04)26262334,http://www.ggps.tc.edu.tw,
064655,市立大秀國小,公立,[06]臺中市,[436]臺中市清水區武鹿里五權路336號,(04)26263754,http://www.dases.tc.edu.tw,
064656,市立三田國小,公立,[06]臺中市,[436]臺中市清水區田寮里三田路4號,(04)26262400,http://www.stps.tc.edu.tw,
064657,市立甲南國小,公立,[06]臺中市,[436]臺中市清水區菁埔里臨海路26號,(04)26261834,http://www.jnes.tc.edu.tw,
064658,市立高美國小,公立,[06]臺中市,[436]臺中市清水區護岸路37號,(04)26112505,http://www.kmps.tc.edu.tw,
064659,市立大楊國小,公立,[06]臺中市,[436]臺中市清水區楊厝里鱉海路325號,(04)26200634,http://web.dayes.tc.edu.tw/drupal,
064660,市立東山國小,公立,[06]臺中市,[436]臺中市清水區東山里神清路6之1號,(04)26200517,http://163.17.161.1,
064661,市立梧棲國小,公立,[06]臺中市,[435]臺中市梧棲區民生街45號,(04)26562834,http://www.wcies.tc.edu.tw,
064662,市立梧南國小,公立,[06]臺中市,[435]臺中市梧棲區草湳里文化路一段6號,(04)26567968,http://www.wnps.tc.edu.tw,
064663,市立梧棲區中正國小,公立,[06]臺中市,[435]臺中市梧棲區福德里中央路二段15號,(04)26560844,http://www.ccps.tc.edu.tw,
064664,市立永寧國小,公立,[06]臺中市,[435]臺中市梧棲區中央路一段160號,(04)26394234,http://www.ynps.tc.edu.tw,
064665,市立大甲國小,公立,[06]臺中市,[437]臺中市大甲區文武里育德路233號,(04)26872048,http://www.tcps.tc.edu.tw,
064666,市立德化國小,公立,[06]臺中市,[437]臺中市大甲區和平路290號,(04)26874602,http://www.dwps.tc.edu.tw,
064667,市立大甲區文昌國小,公立,[06]臺中市,[437]臺中市大甲區育德路113號,(04)26872076,http://www.wcps.tc.edu.tw,
064668,市立順天國小,公立,[06]臺中市,[437]臺中市大甲區經國路168號,(04)26872040,http://www.stgs.tc.edu.tw,
064669,市立文武國小,公立,[06]臺中市,[437]臺中市大甲區武陵里文曲路61號,(04)26710928,http://www.wwps.tc.edu.tw,
064670,市立日南國小,公立,[06]臺中市,[437]臺中市大甲區中山路二段568號,(04)26813704,http://www.rnes.tc.edu.tw,
064671,市立東明國小,公立,[06]臺中市,[437]臺中市大甲區幸福里東明路93號,(04)26814404,http://www.dmes.tc.edu.tw,
064672,市立華龍國小,公立,[06]臺中市,[437]臺中市大甲區日南里工二路1號,(04)26811270,http://www.hlps.tc.edu.tw,
064673,市立西岐國小,公立,[06]臺中市,[437]臺中市大甲區西岐里順帆路96號,(04)26811747,http://www.hcps.tc.edu.tw,
064674,市立東陽國小,公立,[06]臺中市,[437]臺中市大甲區甲東路520號,(04)26876823,http://www.dyaes.tc.edu.tw,
064675,市立沙鹿國小,公立,[06]臺中市,[433]臺中市沙鹿區美仁里中正街3號,(04)26625014,http://www.sles.tc.edu.tw,
064676,市立文光國小,公立,[06]臺中市,[433]臺中市沙鹿區斗潭路文光巷12號,(04)26352806,http://163.17.210.1/index2.html,
064677,市立竹林國小,公立,[06]臺中市,[433]臺中市沙鹿區臺灣大道7段821號,(04)26620175,http://www.cles.tc.edu.tw/chulin/,
064678,市立北勢國小,公立,[06]臺中市,[433]臺中市沙鹿區六路里南陽路376號,(04)26315032,http://www.bses.tc.edu.tw,
064679,市立公明國小,公立,[06]臺中市,[433]臺中市沙鹿區公明里忠貞路213號,(04)26150963,http://www.kmes.tc.edu.tw,
064680,市立公館國小,公立,[06]臺中市,[433]臺中市沙鹿區西勢里中航路2段1號,(04)26154353,http://www.kkps.tc.edu.tw/kkes,
064681,市立鹿峰國小,公立,[06]臺中市,[433]臺中市沙鹿區鹿峰里星河路209號,(04)26224210,http://www.lfes.tc.edu.tw/index.htm,
064682,市立大安國小,公立,[06]臺中市,[439]臺中市大安區中庄里中山南路296號,(04)26713166,http://www.daes.tc.edu.tw,
064683,市立三光國小,公立,[06]臺中市,[439]臺中市大安區龜殼里3鄰中松路297號,(04)26710148,http://www.skps.tc.edu.tw,
064684,市立海墘國小,公立,[06]臺中市,[439]臺中市大安區海墘里大安港路1100號,(04)26876085,http://www.hices.tc.edu.tw,
064685,市立大安區永安國小,公立,[06]臺中市,[439]臺中市大安區永安里東西四路252號,(04)26874931,http://163.17.112.131,
064686,市立龍山國小,公立,[06]臺中市,[434]臺中市龍井區中山一路一段6號,(04)26352454,http://www.lsps.tc.edu.tw,
064687,市立龍井國小,公立,[06]臺中市,[434]臺中市龍井區龍西里龍門路51號,(04)26397131,http://www.ljes.tc.edu.tw,
064688,市立龍津國小,公立,[06]臺中市,[434]臺中市龍井區龍津里中央路一段165巷50號,(04)26393394,http://www.lges.tc.edu.tw,
064689,市立龍海國小,公立,[06]臺中市,[434]臺中市龍井區忠和里中央路3段206號,(04)26393334,http://www.lhes.tc.edu.tw,
064690,市立龍港國小,公立,[06]臺中市,[434]臺中市龍井區麗水里三港路1號,(04)26395586,http://www.lgps.tc.edu.tw,
064691,市立龍泉國小,公立,[06]臺中市,[434]臺中市龍井區龍泉里龍新路162號,(04)26353340,http://www.lces.tc.edu.tw,
064692,市立龍峰國小,公立,[06]臺中市,[434]臺中市龍井區新庄里中沙路2號,(04)26314707,http://www.lfps.tc.edu.tw,
064693,市立烏日國小,公立,[06]臺中市,[414]臺中市烏日區中山路二段196號,(04)23381242,http://www.wres.tc.edu.tw/schoolweb,
064694,市立僑仁國小,公立,[06]臺中市,[414]臺中市烏日區中山路一段341號,(04)23381241,http://www.cjes.tc.edu.tw/front/bin/home.phtml,
064695,市立喀哩國小,公立,[06]臺中市,[414]臺中市烏日區螺潭里溪南路二段370號,(04)23351016,http://www.kles.tc.edu.tw,
064696,市立東園國小,公立,[06]臺中市,[414]臺中市烏日區溪南路一段238巷198號,(04)23353092,http://163.17.34.1,
064697,市立溪尾國小,公立,[06]臺中市,[414]臺中市烏日區溪尾里溪岸路26號,(049)2523020,http://sfs.cwps.tc.edu.tw/school/web/index.php,
064698,市立旭光國小,公立,[06]臺中市,[414]臺中市烏日區成功西路13號,(04)23381847,http://www.xkes.tc.edu.tw/ssesjoom/,
064699,市立五光國小,公立,[06]臺中市,[414]臺中市烏日區光明里光明路40號,(04)23362276,http://www.wges.tc.edu.tw,
064700,市立大肚國小,公立,[06]臺中市,[432]臺中市大肚區頂街里華山路77號,(04)26992016,http://www.ttes.tc.edu.tw,
064701,市立瑞峰國小,公立,[06]臺中市,[432]臺中市大肚區太平路1號,(04)26911291,http://www.rfes.tc.edu.tw,
064702,市立永順國小,公立,[06]臺中市,[432]臺中市大肚區永順里文昌路2段586號,(04)26992461,http://163.17.192.129/new/web/index.php,
064703,市立追分國小,公立,[06]臺中市,[432]臺中市大肚區沙田路一段364號,(04)26932604,http://www.cfps.tc.edu.tw,
064704,市立大忠國小,公立,[06]臺中市,[432]臺中市大肚區沙田路一段854巷24號,(04)26993693,http://www.dcps.tc.edu.tw/1index.htm,
064705,市立大里國小,公立,[06]臺中市,[412]臺中市大里區新興路50號,(04)24066002,http://www.dlps.tc.edu.tw,
064706,市立內新國小,公立,[06]臺中市,[412]臺中市大里區東昇里日新路8號,(04)24852863,http://www.nhps.tc.edu.tw,
064707,市立崇光國小,公立,[06]臺中市,[412]臺中市大里區大明路181號,(04)24818836,http://www.cgps.tc.edu.tw/index.php,
064708,市立塗城國小,公立,[06]臺中市,[412]臺中市大里區仁德里文化街120號,(04)24922935,http://www.tches.tc.edu.tw,
064709,市立瑞城國小,公立,[06]臺中市,[412]臺中市大里區瑞城里美村街196號,(04)24924622,http://www.rces.tc.edu.tw,
064710,市立健民國小,公立,[06]臺中市,[412]臺中市大里區健民里校前路26號,(04)24912342,http://www.jmps.tc.edu.tw,
064711,市立草湖國小,公立,[06]臺中市,[412]臺中市大里區西湖里西湖路32號,(04)24953078,http://www.thes.tc.edu.tw,
064712,市立霧峰國小,公立,[06]臺中市,[413]臺中市霧峰區中正路736號,(04)23393069,http://www.wfps.tc.edu.tw,
064713,市立僑榮國小,公立,[06]臺中市,[413]臺中市霧峰區甲寅里民生路156號,(04)23335553,http://www.cres.tc.edu.tw,
064714,市立四德國小,公立,[06]臺中市,[413]臺中市霧峰區四德路504號,(04)23393374,http://163.17.162.130,
064715,市立五福國小,公立,[06]臺中市,[413]臺中市霧峰區五福里新埔路239號,(04)23396119,http://www.wfups.tc.edu.tw/index.php,
064716,市立萬豐國小,公立,[06]臺中市,[413]臺中市霧峰區萬豐里中正路224號,(04)23393417,http://www.wfes.tc.edu.tw,
064717,市立峰谷國小,公立,[06]臺中市,[413]臺中市霧峰區峰谷里峰谷路496號,(04)23399271,http://www.fgps.tc.edu.tw,
064718,市立桐林國小,公立,[06]臺中市,[413]臺中市霧峰區民生路675號,(04)23304311,http://www.tles.tc.edu.tw,
064719,市立復興國小,公立,[06]臺中市,[413]臺中市霧峰區坑口里信義路50號,(04)23306075,http://www.fses.tc.edu.tw,
064720,市立霧峰區光正國小,公立,[06]臺中市,[413]臺中市霧峰區豐正路566號,(04)23398687,http://www.kces.tc.edu.tw,
064721,市立太平區太平國小,公立,[06]臺中市,[411]臺中市太平區中平里中興路35號,(04)22783631,http://www.tpes.tc.edu.tw,
064722,市立宜欣國小,公立,[06]臺中市,[411]臺中市太平區新平路二段100號,(04)22701567,http://www.ysps.tc.edu.tw,
064723,市立新光國小,公立,[06]臺中市,[411]臺中市太平區新興里新興路200號,(04)23956005,http://www.sges.tc.edu.tw,
064724,市立坪林國小,公立,[06]臺中市,[411]臺中市太平區坪林里坪林路45號,(04)23927677,http://www.ples.tc.edu.tw,
064725,市立光隆國小,公立,[06]臺中市,[411]臺中市太平區光隆里光興路487巷5號,(04)22713626,http://www.klps.tc.edu.tw,
064726,市立黃竹國小,公立,[06]臺中市,[411]臺中市太平區黃竹里竹村路41號,(04)22715933,http://www.hjes.tc.edu.tw,
064727,市立頭汴國小,公立,[06]臺中市,[411]臺中市太平區頭汴里北田路20號,(04)22703129#82,http://www.tbps.tc.edu.tw,
064728,市立東汴國小,公立,[06]臺中市,[411]臺中市太平區東汴里山田路100號,(04)22702664,http://www.dbes.tc.edu.tw,
064729,市立和平區和平國小,公立,[06]臺中市,[424]臺中市和平區南勢里東關路三段54號,(04)25941304,http://www.hpps.tc.edu.tw,
064730,市立福民國小,公立,[06]臺中市,[426]臺中市新社區福興里福民16-7號,(04)25941147,http://163.17.150.1,
064731,市立白冷國小,公立,[06]臺中市,[424]臺中市和平區天輪里天輪巷42號,(04)25941184,http://www.plps.tc.edu.tw,
064732,市立博屋瑪國小,公立,[06]臺中市,[424]臺中市和平區達觀里育英巷6號,(04)25911487,http://163.17.150.129,
064733,市立中坑國小,公立,[06]臺中市,[424]臺中市和平區中坑里中坑巷41號,(04)25874992,http://tw.school.uschoolnet.com/?id=es00001253,
064734,市立平等國小,公立,[06]臺中市,[424]臺中市和平區中興路三段環山3巷35號,(04)25802204,http://www.pdes.tc.edu.tw,
064735,市立博愛國小,公立,[06]臺中市,[424]臺中市和平區博愛里東關路一段松鶴三巷10號,(04)25943446,http://www.baes.tc.edu.tw,
064736,市立自由國小,公立,[06]臺中市,[424]臺中市和平區自由里東崎路二段49號,(04)25911342,http://www.yyps.tc.edu.tw,
064737,市立梨山國(中)小,公立,[06]臺中市,[424]臺中市和平區梨山里福壽路10號,(04)25981510,http://www.lses.tc.edu.tw,
064738,市立益民國小,公立,[06]臺中市,[412]臺中市大里區益民路二段48號,(04)24834970,http://www.ymes.tc.edu.tw,
064739,市立槺榔國小,公立,[06]臺中市,[436]臺中市清水區中央路23-12號,(04)26562684,http://www.klnes.tc.edu.tw,
064740,市立建平國小,公立,[06]臺中市,[411]臺中市太平區精美路201號,(04)22779532,http://www.jpps.tc.edu.tw,
064741,市立潭陽國小,公立,[06]臺中市,[427]臺中市潭子區潭陽路19號,(04)25382255,http://www.tyes.tc.edu.tw,
064742,市立太平區中華國小,公立,[06]臺中市,[411]臺中市太平區大源路1-20號,(04)23920870,http://www.chps.tc.edu.tw,
064743,市立九德國小,公立,[06]臺中市,[414]臺中市烏日區長春街300號,(04)23366540,http://www.jdps.tc.edu.tw,
064744,市立中港國小,公立,[06]臺中市,[435]臺中市梧棲區大村里文明街100號,(04)26655929,http://www.ckps.tc.edu.tw,
064745,市立東平國小,公立,[06]臺中市,[411]臺中市太平區中興東路213號,(04)22767834,http://www.dpps.tc.edu.tw,
064746,市立文雅國小,公立,[06]臺中市,[428]臺中市大雅區文雅里中山北路235號,(04)25678823,http://www.wyes.tc.edu.tw,
064747,市立新盛國小,公立,[06]臺中市,[423]臺中市東勢區新盛里新盛街342號,(04)25876642,http://www.ssps.tc.edu.tw,
064748,市立大元國小,公立,[06]臺中市,[412]臺中市大里區現岱路60號,(04)24834568,http://163.17.162.1,
064749,市立吉峰國小,公立,[06]臺中市,[413]臺中市霧峰區吉峰里民生路349號,(04)23300893,http://www.jfes.tc.edu.tw,
064750,市立新平國小,公立,[06]臺中市,[411]臺中市太平區樹孝路336巷9號,(04)23914533,http://www.spes.tc.edu.tw,
064751,市立葫蘆墩國小,公立,[06]臺中市,[420]臺中市豐原區葫蘆墩一街250號,(04)25205136,http://www.hldes.tc.edu.tw,
064752,市立永隆國小,公立,[06]臺中市,[412]臺中市大里區永隆五街2號,(04)24066637,http://www.yles.tc.edu.tw,
064753,市立美群國小,公立,[06]臺中市,[412]臺中市大里區美群路99號,(04)24912129,http://www.mcps.tc.edu.tw,
064754,市立吳厝國小,公立,[06]臺中市,[436]臺中市清水區吳厝里吳厝路35號,(04)26200864,http://www.wtes.tc.edu.tw,
064755,市立山陽國小,公立,[06]臺中市,[432]臺中市大肚區榮華街630號,(04)26983117,http://www.syps.tc.edu.tw,
064756,市立立新國小,公立,[06]臺中市,[412]臺中市大里區立仁里立新街338號,(04)22769178,http://www.lishin.tc.edu.tw,
064757,市立大德國小,公立,[06]臺中市,[435]臺中市梧棲區大村里文昌路343號,(04)26568928,http://www.ddps.tc.edu.tw,
064758,市立車籠埔國小,公立,[06]臺中市,[411]臺中市太平區光明路10-2 號,(04)22763928,http://www.clpes.tc.edu.tw,
064759,市立福陽國小,公立,[06]臺中市,[420]臺中市豐原區南陽路綠山巷83號,(04)25291101,http://www.fuyaes.tc.edu.tw,
064760,市立頭家國小,公立,[06]臺中市,[427]臺中市潭子區得福街185號,(04)25325532,http://www.tjes.tc.edu.tw,
064761,市立瑞井國小,公立,[06]臺中市,[432]臺中市大肚區瑞井里華山路680號,(04)26912550,http://www.rjps.tc.edu.tw,
064762,市立東新國小,公立,[06]臺中市,[423]臺中市東勢區東蘭路1之1號,(04)25881083,http://www.tshes.tc.edu.tw,
064763,市立光復國(中)小,公立,[06]臺中市,[413]臺中市霧峰區柳豐路535號,(04)23398419,http://www.kfjh.tc.edu.tw,
064764,市立長億國小,公立,[06]臺中市,[411]臺中市太平區太平三街295號,(04)22737653,http://www.cyes.tc.edu.tw,
064765,市立六寶國小,公立,[06]臺中市,[428]臺中市大雅區光復路15之2號,(04)25694858,http://www.lbes.tc.edu.tw,
190601,國立臺中教大附小,公立,[19]臺中市,[404]臺中市北區民權路220號,(04)22224269,http://www.ntctcps.tc.edu.tw,
191602,私立育仁國小,私立,[19]臺中市,[404]臺中市北區錦祥里雙十路二段50號,(04)22332133,http://www.yjes.tc.edu.tw,
191604,私立慎齋小學,私立,[19]臺中市,[406]臺中市北屯區山西路二段270號,(04)22928199,http://www.sces.tc.edu.tw,
191605,私立明道普霖斯頓小學,私立,[19]臺中市,[406]臺中市北屯區河北路三段16號,(04)22425588,http://www.fhbes.tc.edu.tw,
191606,私立麗喆國(中)小,私立,[19]臺中市,[407]臺中市西屯區國安二路242巷199號,(04)24613099,http://www.korrnell.com.tw/litze/,
193601,市立中區光復國小,公立,[19]臺中市,[400]臺中市中區三民路二段148號,(04)22294174,http://www.gfes.tc.edu.tw,
193602,市立臺中國小,公立,[19]臺中市,[401]臺中市東區台中路153號,(04)22815103,http://www.tces.tc.edu.tw,
193603,市立大智國小,公立,[19]臺中市,[401]臺中市東區大智路359號,(04)22825683,http://www.dzes.tc.edu.tw,
193604,市立東區成功國小,公立,[19]臺中市,[401]臺中市東區旱溪西路一段300號,(04)22124224,http://www.ckes.tc.edu.tw,
193605,市立進德國小,公立,[19]臺中市,[401]臺中市東區進化路135號,(04)22126834,http://140.128.182.1,
193606,市立力行國小,公立,[19]臺中市,[401]臺中市東區進化路223號,(04)23604412,http://www.lxes.tc.edu.tw,
193607,市立樂業國小,公立,[19]臺中市,[401]臺中市東區樂業路60號,(04)22121293,http://www.lyes.tc.edu.tw,
193608,市立忠孝國小,公立,[19]臺中市,[403]臺中市西區三民路一段171號,(04)22242161,http://www.jses.tc.edu.tw,
193609,市立忠信國小,公立,[19]臺中市,[403]臺中市西區林森路155號,(04)23722866,http://www.zxes.tc.edu.tw/,
193610,市立大同國小,公立,[19]臺中市,[403]臺中市西區自由路一段138號,(04)22222311,http://www.dtes.tc.edu.tw,
193611,市立忠明國小,公立,[19]臺中市,[403]臺中市西區臺灣大道二段556號,(04)23172860,http://www.zmes.tc.edu.tw,
193612,市立西區中正國小,公立,[19]臺中市,[403]臺中市西區英才路423號,(04)23212041,http://www.cces.tc.edu.tw,
193613,市立南區和平國小,公立,[19]臺中市,[402]臺中市南區復興路二段57號,(04)22613139,http://www.hpes.tc.edu.tw,
193614,市立國光國小,公立,[19]臺中市,[402]臺中市南區國光路261號,(04)22872475#710,http://www.kkes.tc.edu.tw,
193615,市立信義國小,公立,[19]臺中市,[402]臺中市南區五權南路325號,(04)22622005,http://www.xyes.tc.edu.tw,
193616,市立北區太平國小,公立,[19]臺中市,[404]臺中市北區太平路74號,(04)22211101,http://www.tpes.tc.edu.tw,
193617,市立北區中華國小,公立,[19]臺中市,[404]臺中市北區漢口路三段2號,(04)22979601,http://www.zhes.tc.edu.tw,
193618,市立篤行國小,公立,[19]臺中市,[404]臺中市北區篤行路321號,(04)22013483,http://www.dxes.tc.edu.tw,
193619,市立健行國小,公立,[19]臺中市,[404]臺中市北區健行路666號,(04)22038064,http://www.jxes.tc.edu.tw,
193620,市立省三國小,公立,[19]臺中市,[404]臺中市北區崇德路一段107號,(04)22318092,http://www.sses.tc.edu.tw,
193621,市立西屯國小,公立,[19]臺中市,[407]臺中市西屯區西屯路二段300號,(04)27013534,http://www.stes.tc.edu.tw,
193622,市立西屯區泰安國小,公立,[19]臺中市,[407]臺中市西屯區環中路二段368號,(04)27017045,http://www.taes.tc.edu.tw,
193623,市立大鵬國小,公立,[19]臺中市,[407]臺中市西屯區中平路268號,(04)22914655,http://www.dpes.tc.edu.tw,
193624,市立西屯區永安國小,公立,[19]臺中市,[407]臺中市西屯區西屯路三段133號,(04)24624470,http://www.yaes.tc.edu.tw,
193625,市立協和國小,公立,[19]臺中市,[407]臺中市西屯區協和里安和路99號,(04)23588022,http://www.xhes.tc.edu.tw,
193626,市立大仁國小,公立,[19]臺中市,[407]臺中市西屯區重慶路200號,(04)23134545,http://140.128.222.1,
193627,市立南屯國小,公立,[19]臺中市,[408]臺中市南屯區黎明路一段968號,(04)23894238,http://www.ntes.tc.edu.tw,
193628,市立鎮平國小,公立,[19]臺中市,[408]臺中市南屯區黎明路一段425號,(04)24792122,http://www.zpes.tc.edu.tw,
193629,市立文山國小,公立,[19]臺中市,[408]臺中市南屯區忠勇路97號,(04)23896934,http://www.wses.tc.edu.tw,
193630,市立春安國小,公立,[19]臺中市,[408]臺中市南屯區春安路109號,(04)23894408,http://www.caes.tc.edu.tw,
193631,市立黎明國小,公立,[19]臺中市,[408]臺中市南屯區黎明路二段555號,(04)22517363,http://www.lmes.tc.edu.tw,
193632,市立北屯國小,公立,[19]臺中市,[406]臺中市北屯區進化北路2號,(04)22332110,http://www.ptes.tc.edu.tw,
193633,市立僑孝國小,公立,[19]臺中市,[406]臺中市北屯區北屯路435號,(04)22447049,http://www.qxes.tc.edu.tw,
193634,市立四張犁國小,公立,[19]臺中市,[406]臺中市北屯區后庄路910號(四張犁),(04)24227046,http://www.jres.tc.edu.tw,
193635,市立松竹國小,公立,[19]臺中市,[406]臺中市北屯區昌平路二段12號,(04)22447043,http://www.szes.tc.edu.tw,
193636,市立軍功國小,公立,[19]臺中市,[406]臺中市北屯區和平里軍福十三路300號,(04)24370696,http://www.jges.tc.edu.tw,
193637,市立北屯區大坑國小,公立,[19]臺中市,[406]臺中市北屯區東山路二段112號,(04)22390748,http://www.dkes.tc.edu.tw,
193638,市立逢甲國小,公立,[19]臺中市,[406]臺中市北屯區北坑巷60號,(04)22390047,http://www.fjes.tc.edu.tw,
193639,市立建功國小,公立,[19]臺中市,[406]臺中市北屯區軍和街43號,(04)24367042,http://www.jkes.tc.edu.tw,
193640,市立北屯區新興國小,公立,[19]臺中市,[406]臺中市北屯區新興路20號,(04)24258514,http://140.128.215.1,
193641,市立仁愛國小,公立,[19]臺中市,[406]臺中市北屯區四平路71號,(04)22923861,http://www.raes.tc.edu.tw,
193642,市立立人國小,公立,[19]臺中市,[404]臺中市北區北平路一段60號,(04)22956975,http://www.lres.tc.edu.tw,
193643,市立北屯區文昌國小,公立,[19]臺中市,[406]臺中市北屯區昌平路一段91號,(04)22361953,http://www.wces.tc.edu.tw,
193644,市立大勇國小,公立,[19]臺中市,[403]臺中市西區忠明南路515號,(04)23755959,http://www.dyes.tc.edu.tw,
193645,市立重慶國小,公立,[19]臺中市,[407]臺中市西屯區重慶路358號,(04)23123517,http://www.cges.tc.edu.tw,
193646,市立南屯區東興國小,公立,[19]臺中市,[408]臺中市南屯區大隆路71號,(04)23276251,http://www.txes.tc.edu.tw,
193647,市立文心國小,公立,[19]臺中市,[406]臺中市北屯區文心路四段575號,(04)22445906,http://www.wxes.tc.edu.tw,
193648,市立四維國小,公立,[19]臺中市,[406]臺中市北屯區文心路四段956號,(04)22302319,http://www.swes.tc.edu.tw,
193649,市立何厝國小,公立,[19]臺中市,[407]臺中市西屯區重慶路1號,(04)23166492,http://www.hces.tc.edu.tw,
193650,市立國安國小,公立,[19]臺中市,[407]臺中市西屯區國祥街1號,(04)24621681,http://www.gaes.tc.edu.tw,
193651,市立上石國小,公立,[19]臺中市,[407]臺中市西屯區西屯路二段上石南6巷25號,(04)27087412,http://www.hses.tc.edu.tw,
193652,市立大新國小,公立,[19]臺中市,[408]臺中市南屯區文心路一段280號,(04)24716609,http://www.dses.tc.edu.tw,
193653,市立陳平國小,公立,[19]臺中市,[406]臺中市北屯區陳平路58號,(04)22973558,http://www.cpes.tc.edu.tw,
193654,市立賴厝國小,公立,[19]臺中市,[404]臺中市北區漢口路四段168號,(04)22302388,http://www.ltes.tc.edu.tw,
193655,市立永春國小,公立,[19]臺中市,[408]臺中市南屯區永春東路288號,(04)24757468,http://www.yces.tc.edu.tw,
193656,市立惠文國小,公立,[19]臺中市,[408]臺中市南屯區公益路二段300號,(04)22596907,http://www.hwes.tc.edu.tw,
193657,市立樹義國小,公立,[19]臺中市,[402]臺中市南區福田路11號,(04)22657298,http://www.syes.tc.edu.tw,
193658,市立東光國小,公立,[19]臺中市,[406]臺中市北屯區東光路926號,(04)24377215,http://www.dges.tc.edu.tw,
193659,市立上安國小,公立,[19]臺中市,[407]臺中市西屯區上安路156號,(04)24527322,http://www.saes.tc.edu.tw,
193660,市立仁美國小,公立,[19]臺中市,[406]臺中市北屯區崇德路三段568號,(04)24211136,http://www.jmes.tc.edu.tw,
193661,市立長安國小,公立,[19]臺中市,[407]臺中市西屯區櫻花路18號,(04)23157600,http://www.chanes.tc.edu.tw,
193662,市立惠來國小,公立,[19]臺中市,[407]臺中市西屯區文中路168號,(04)23176353,http://140.128.233.2,
193663,市立大墩國小,公立,[19]臺中市,[408]臺中市南屯區向上路二段201號,(04)23816608,http://web2.ddes.tc.edu.tw/ddesweb/,
193664,市立東海國小,公立,[19]臺中市,[407]臺中市西屯區國際街75號,(04)23509797,http://www.dhes.tc.edu.tw,
064501,市立豐原國中,公立,[06]臺中市,[420]臺中市豐原區三豐路467號,(04)25251200,http://www.fyjh.tc.edu.tw
064502,市立豐東國中,公立,[06]臺中市,[420]臺中市豐原區豐東路75號,(04)25221743,http://www.ftjh.tc.edu.tw
064503,市立豐南國中,公立,[06]臺中市,[420]臺中市豐原區豐南街151號,(04)25280185,http://www.fnjh.tc.edu.tw
064504,市立潭子國中,公立,[06]臺中市,[427]臺中市潭子區潭興路二段419巷1號,(04)25376192,http://www.ttjhs.tc.edu.tw
064505,市立大雅國中,公立,[06]臺中市,[428]臺中市大雅區學府路280號,(04)25672171,http://www.tyjh.tc.edu.tw
064506,市立神岡國中,公立,[06]臺中市,[429]臺中市神岡區社南里中山路627號,(04)25623421,http://www.skjhs.tc.edu.tw
064507,市立后里國中,公立,[06]臺中市,[421]臺中市后里區眉山里第三鄰中眉路169號,(04)25562409,http://www.hljh.tc.edu.tw
064509,市立外埔國中,公立,[06]臺中市,[438]臺中市外埔區大同里甲后路505號,(04)26833721,http://www.wpjh.tc.edu.tw
064510,市立大甲國中,公立,[06]臺中市,[437]臺中市大甲區育英路186號,(04)26872564,http://www.tjjh.tc.edu.tw
064511,市立日南國中,公立,[06]臺中市,[437]臺中市大甲區中山路二段69-11號,(04)26813721,http://www.jnjh.tc.edu.tw
064512,市立大安國中,公立,[06]臺中市,[439]臺中市大安區松雅里大安港路691號,(04)26872571,http://www.tajh.tc.edu.tw
064513,市立清水國中,公立,[06]臺中市,[436]臺中市清水區鰲峰路250號,(04)26262042,http://www.csjh.tc.edu.tw
064514,市立清泉國中,公立,[06]臺中市,[436]臺中市清水區菁埔里臨海路27之2號,(04)26113134,http://www.ccjh.tc.edu.tw
064515,市立沙鹿國中,公立,[06]臺中市,[433]臺中市沙鹿區中正街1號,(04)26622163,http://www.sljh.tc.edu.tw
064516,市立梧棲國中,公立,[06]臺中市,[435]臺中市梧棲區文化里民生街12號,(04)26562850,http://www.wcjs.tc.edu.tw
064517,市立龍井國中,公立,[06]臺中市,[434]臺中市龍井區觀光路9號,(04)26353344,http://www.lcjh.tc.edu.tw
064518,市立四箴國中,公立,[06]臺中市,[434]臺中市龍井區中沙路2號,(04)26314606,http://www.scjh.tc.edu.tw
064519,市立大道國中,公立,[06]臺中市,[432]臺中市大肚區仁德路60號,(04)26992028,http://www.ttjh.tc.edu.tw
064520,市立烏日國中,公立,[06]臺中市,[414]臺中市烏日區新興路457號,(04)23381009,http://www.wjjh.tc.edu.tw
064521,市立溪南國中,公立,[06]臺中市,[414]臺中市烏日區溪南路一段731號,(04)23353959,http://www.snjh.tc.edu.tw
064522,市立霧峰國中,公立,[06]臺中市,[413]臺中市霧峰區國中路110號,(04)23393175,http://www.wfjh.tc.edu.tw
064523,市立光復國中(小),公立,[06]臺中市,[413]臺中市霧峰區南柳里柳豐路535號,(04)23393141,http://www.kfjh.tc.edu.tw
064525,市立太平國中,公立,[06]臺中市,[411]臺中市太平區中山路二段116號,(04)23922540,http://www.tpjh.tc.edu.tw
064526,市立中平國中,公立,[06]臺中市,[411]臺中市太平區中平里太平路300號,(04)22767416,http://www.cpjh.tc.edu.tw
064527,市立石岡國中,公立,[06]臺中市,[422]臺中市石岡區梅子里豐勢路國中巷1號,(04)25814191,http://www.sgjh.tc.edu.tw
064529,市立東勢國中,公立,[06]臺中市,[423]臺中市東勢區東崎路五段415號,(04)25873843,http://www.tsjhs.tc.edu.tw
064530,市立東華國中,公立,[06]臺中市,[423]臺中市東勢區東關路296號,(04)25853219,http://www.thjh.tc.edu.tw
064531,市立東新國中,公立,[06]臺中市,[423]臺中市東勢區東新里5鄰東環街123號,(04)25872684,http://www.tsihs.tc.edu.tw
064532,市立成功國中,公立,[06]臺中市,[412]臺中市大里區至善路157號,(04)24927226,http://www.ckjh.tc.edu.tw
064533,市立和平國中,公立,[06]臺中市,[424]臺中市和平區東關路三段崑崙巷62號,(04)25941512,http://www.hpjh.tc.edu.tw
064534,市立北勢國中,公立,[06]臺中市,[433]臺中市沙鹿區英才路150號,(04)26322236,http://www.bsjh.tc.edu.tw
064535,市立鹿寮國中,公立,[06]臺中市,[433]臺中市沙鹿區光華路385號,(04)26622207,http://www.lljh.tc.edu.tw
064537,市立光榮國中,公立,[06]臺中市,[412]臺中市大里區東榮路280號,(04)24831428,http://www.krjh.tc.edu.tw
064538,市立潭秀國中,公立,[06]臺中市,[427]臺中市潭子區雅潭路一段175號,(04)25343542,http://www.tsjh.tc.edu.tw
064539,市立順天國中,公立,[06]臺中市,[437]臺中市大甲區大安港路67號,(04)26864263,http://www.stjh.tc.edu.tw
064540,市立清海國中,公立,[06]臺中市,[436]臺中市清水區中央路51之60號,(04)26271902,http://www.chjh.tc.edu.tw
064541,市立大華國中,公立,[06]臺中市,[428]臺中市大雅區雅環路一段2號,(04)25688251,http://www.dhjh.tc.edu.tw
064543,市立新光國中,公立,[06]臺中市,[411]臺中市太平區樹德九街 139 號,(04)23957597,http://www.skjh.tc.edu.tw
064544,市立光正國中,公立,[06]臺中市,[412]臺中市大里區鳳凰路68號,(04)24911599,http://www.gjjh.tc.edu.tw
064545,市立豐陽國中,公立,[06]臺中市,[420]臺中市豐原區朝陽路33號,(04)25203470,http://www.fyjhs.tc.edu.tw
064546,市立光德國中,公立,[06]臺中市,[414]臺中市烏日區信義街99號,(04)23389802,http://www.gdjh.tc.edu.tw
064547,市立立新國中,公立,[06]臺中市,[412]臺中市大里區甲堤路236號,(04)22732299,http://www.lsjh.tc.edu.tw
064548,市立爽文國中,公立,[06]臺中市,[412]臺中市大里區永隆三街1號,(04)24067545,http://www.swjh.tc.edu.tw
064549,市立公明國中,公立,[06]臺中市,[433]臺中市沙鹿區公明里中清路6段567號,(04)26154262,http://www.gmjh.tc.edu.tw/
064550,市立龍津國中,公立,[06]臺中市,[434]臺中市龍井區三港路130號,(04)26304536,http://www.ljjh.tc.edu.tw
064551,市立神圳國中,公立,[06]臺中市,[429]臺中市神岡區神清路61號,(04)25624669,http://www.szjh.tc.edu.tw
064552,市立梨山國中(小),公立,[06]臺中市,[424]臺中市和平區梨山里福壽路10號,(04)25981510,http://www.lses.tc.edu.tw
191503,私立麗喆國中(小),私立,[19]臺中市,[407]臺中市西屯區國安二路242巷199號,(04)24613099,http://www.litze.tc.edu.tw/
193501,市立居仁國中,公立,[19]臺中市,[403]臺中市西區自由路一段97號,(04)22223620,http://www.cjjh.tc.edu.tw
193502,市立雙十國中,公立,[19]臺中市,[404]臺中市北區力行路258號,(04)22334445,http://www.ssjh.tc.edu.tw
193504,市立崇倫國中,公立,[19]臺中市,[402]臺中市南區忠明南路653號,(04)23712324,http://www.cljh.tc.edu.tw
193505,市立大德國中,公立,[19]臺中市,[406]臺中市北屯區雷中街2之23號,(04)22916984,http://www.ttjh.tc.edu.tw
193506,市立北新國中,公立,[19]臺中市,[406]臺中市北屯區柳楊東街180號,(04)22449374,http://www.phjh.tc.edu.tw
193507,市立東峰國中,公立,[19]臺中市,[401]臺中市東區仁和路330號,(04)22825133,http://www.tfjh.tc.edu.tw
193508,市立黎明國中,公立,[19]臺中市,[408]臺中市南屯區三義里一鄰干城街88號,(04)22510983,http://www.lmjh.tc.edu.tw
193509,市立光明國中,公立,[19]臺中市,[403]臺中市西區自由路一段75號,(04)23756287,http://140.128.161.19/kmjh
193510,市立向上國中,公立,[19]臺中市,[403]臺中市西區美村路一段389號,(04)23726085,http://www.hsjh.tc.edu.tw
193511,市立育英國中,公立,[19]臺中市,[401]臺中市東區育英路30號,(04)22115313,http://www.yejh.tc.edu.tw
193512,市立四育國中,公立,[19]臺中市,[402]臺中市南區復興路二段152號,(04)22633229,http://www.syjhs.tc.edu.tw
193514,市立五權國中,公立,[19]臺中市,[404]臺中市北區英才路1號,(04)22012180,http://www.wcjh.tc.edu.tw
193516,市立中山國中,公立,[19]臺中市,[407]臺中市西屯區寧夏路179號,(04)23132003,http://www.csjhs.tc.edu.tw
193517,市立崇德國中,公立,[19]臺中市,[406]臺中市北屯區崇德路二段227號,(04)22454081,http://www.ctjh.tc.edu.tw
193518,市立立人國中,公立,[19]臺中市,[404]臺中市北區北平路一段62號,(04)22963999,http://www.ljjh.tc.edu.tw
193519,市立漢口國中,公立,[19]臺中市,[407]臺中市西屯區漢口路一段54之1號,(04)23130511,http://www.hkjh.tc.edu.tw
193520,市立安和國中,公立,[19]臺中市,[407]臺中市西屯區天助街1號,(04)23589779,http://www.ahjh.tc.edu.tw
193521,市立至善國中,公立,[19]臺中市,[407]臺中市西屯區青海路二段308號,(04)27057587,http://www.csjh.tc.edu.tw
193522,市立萬和國中,公立,[19]臺中市,[408]臺中市南屯區永春東路885號,(04)23817264,http://www.whjh.tc.edu.tw
193523,市立大業國中,公立,[19]臺中市,[408]臺中市南屯區大業路100號,(04)23279458,http://www.dyjh.tc.edu.tw
193524,市立三光國中,公立,[19]臺中市,[406]臺中市北屯區三光一街77號,(04)22313699,http://www.sgjh.tc.edu.tw
193525,市立四張犁國中,公立,[19]臺中市,[406]臺中市北屯區同榮里后庄路699號,(04)24210380,http://www.scljh.tc.edu.tw
193526,市立福科國中,公立,[19]臺中市,[407]臺中市西屯區福林路333號,(04)24618112,http://www.fcjh.tc.edu.tw
193527,市立大墩國中,公立,[19]臺中市,[408]臺中市南屯區惠中路三段98號,(04)23826178#712,http://www.ddjh.tc.edu.tw
191301,私立東大附中附設國小,私立,[19]臺中市,[407]臺中市西屯區臺灣大道四段1727號,(04)23590269,www.hn.thu.edu.tw
191302,私立葳格高中附設國小,私立,[19]臺中市,[407]台中市西屯區長安路一段35號,(04)23164790,www.wagor.tc.edu.tw
060323,國立中科實驗高級中學附設國中,公立,[06]臺中市,[428]臺中市大雅區平和路227號,(04)25686850,www.nehs.tc.edu.tw
061301,財團法人常春藤高中附設國中,公立,[06]臺中市,[427]臺中市潭子區潭興路一段165巷320號,(04)25395066,www.ivyjhs.tc.edu.tw
061310,私立大明高中附設國中,公立,[06]臺中市,[412]臺中市大里區新仁路三段210號,(04)24821027,www.tmsh.tc.edu.tw
061313,私立明道高中附設國中,公立,[06]臺中市,[414]臺中市烏日區中山路一段497號,(04)23372101,www.mingdao.edu.tw
061314,私立僑泰高中附設國中,公立,[06]臺中市,[412]臺中市大里區樹王路342號,(04)24063936,www.ctas.tc.edu.tw
061315,私立華盛頓高中附設國中,公立,[06]臺中市,[411]臺中市太平區廍仔坑路26號(原弘仁),(04)23934712,www.whs.tc.edu.tw
061317,私立弘文高中附設國中,公立,[06]臺中市,[427]臺中市潭子區中山路三段221巷96號,(04)25340011,www.hwhs.tc.edu.tw
061318,私立立人高中附設國中,公立,[06]臺中市,[412]臺中市大里區中興路二段380號,(04)24834138,www.lzsh.tc.edu.tw
064308,市立后綜高中附設國中,公立,[06]臺中市,[421]臺中市后里區廣福里三豐路80號,(04):25562012,www.hzsh.tc.edu.tw
064324,市立大里高中附設國中,公立,[06]臺中市,[412]臺中市大里區國中路365號,(04)24067870,www.dlsh.tc.edu.tw
064328,市立新社高中附設國中,公立,[06]臺中市,[426]臺中市新社區復盛里中和街三段國中巷10號,(04)25812116,www.sshs.tc.edu.tw
064336,市立長億高中附設國中,公立,[06]臺中市,[411]臺中市太平區長億里長億六街1號,(04)22799267,www.cyhs.tc.edu.tw
064342,市立中港高中附設國中,公立,[06]臺中市,[435]臺中市梧棲區文昌路400號,(04)26578270,www.cgsh.tc.edu.tw
191301,私立東大附中附設國中,私立,[19]臺中市,[407]臺中市西屯區臺灣大道四段1727號,(04)23590269,www.hn.thu.edu.tw
191302,私立葳格高中附設國中,私立,[19]臺中市,[406]臺中市北屯區軍福十八路328號,(04)22713912,www.wagor.tc.edu.tw/~senior/
191305,私立新民高中附設國中,私立,[19]臺中市,[404]臺中市北區健行路111號,(04)22334105,www.shinmin.tc.edu.tw
191308,私立宜寧高中附設國中,私立,[19]臺中市,[402]臺中市南區復興路二段45號,(04)22613411,www.inhs.tc.edu.tw
191309,私立明德高中附設國中,私立,[19]臺中市,[402]臺中市南區明德街84號,(04)22877676,www.mdhs.tc.edu.tw
191311,私立衛道高中附設國中,私立,[19]臺中市,[406]臺中市北屯區四平路161號,(04)22911187,www.vtsh.tc.edu.tw
191313,私立曉明女中附設國中,私立,[19]臺中市,[404]臺中市北區中清路一段606號,(04)22921175,www.smgsh.tc.edu.tw
191314,私立嶺東高中附設國中,私立,[19]臺中市,[408]臺中市南屯區春社里嶺東路2號,(04)23898940,www.lths.tc.edu.tw
193303,市立忠明高中附設國中,公立,[19]臺中市,[403]臺中市西區博館路166號,(04)23224690,www3.cmsh.tc.edu.tw
193313,市立西苑高中附設國中,公立,[19]臺中市,[407]臺中市西屯區西苑路268號,(04)27016473,www.sysh.tc.edu.tw
193315,市立東山高中附設國中,公立,[19]臺中市,[406]臺中市北屯區景賢六路200號,(04)24360166,www.tsjh.tc.edu.tw
193316,市立惠文高中附設國中,公立,[19]臺中市,[408]臺中市南屯區公益路二段298號,(04)22503928,www.hwsh.tc.edu.tw
060303,國立大甲高中,公立,[06]臺中市,[437]臺中市大甲區中山路一段720號,(04)26877165,http://www.djsh.tc.edu.tw,
060305,國立清水高中,公立,[06]臺中市,[436]臺中市清水區中山路90號,(04)26222116,http://www.cshs.tc.edu.tw,
060312,國立豐原高中,公立,[06]臺中市,[420]臺中市豐原區水源路150號,(04)25290381,http://www.fysh.tc.edu.tw,
060322,國立興大附中,公立,[06]臺中市,[412]臺中市大里區東榮路369號,(04)24875199,http://www.dali.tc.edu.tw,
060323,國立中科實驗高級中學,公立,[06]臺中市,[428]臺中市大雅區平和路227號,(04)25686850,http://www.nehs.tc.edu.tw,
060401,國立豐原高商,公立,[06]臺中市,[420]臺中市豐原區圓環南路50號,(04)25283556,http://www.fyvs.tc.edu.tw,
060402,國立大甲高工,公立,[06]臺中市,[437]臺中市大甲區頂店里開元路71號,(04)26874132,http://www.tcvs.tc.edu.tw,
060404,國立東勢高工,公立,[06]臺中市,[423]臺中市東勢區東關路6段1328號,(04)25872136,http://www.tsvs.tc.edu.tw,
060407,國立沙鹿高工,公立,[06]臺中市,[433]臺中市沙鹿區台灣大道七段823號,(04)26621795,http://www.slvs.tc.edu.tw,
060408,國立霧峰農工,公立,[06]臺中市,[413]臺中市霧峰區中正路1222號,(04)23303118,http://www.wufai.edu.tw,
061301,財團法人常春藤高中,私立,[06]臺中市,[427]臺中市潭子區潭興路一段165巷320號,(04)25395066,http://www.ivyjhs.tc.edu.tw,
061306,私立明台高中,私立,[06]臺中市,[413]臺中市霧峰區萊園路91號,(04)23393071,http://www.mths.tc.edu.tw,
061309,私立致用高中,私立,[06]臺中市,[437]臺中市大甲區甲東路512號,(04)26872354,http://www.cycivs.tc.edu.tw,
061310,私立大明高中,私立,[06]臺中市,[412]臺中市大里區新仁路三段210號,(04)24821027,http://www.tmsh.tc.edu.tw,
061311,私立嘉陽高中,私立,[06]臺中市,[436]臺中市清水區中航路三段1號,(04)26152166,http://www.cysh.tc.edu.tw,
061313,私立明道高中,私立,[06]臺中市,[414]臺中市烏日區中山路一段497號,(04)23372101,http://www.mingdao.edu.tw,
061314,私立僑泰高中,私立,[06]臺中市,[412]臺中市大里區樹王路342號,(04)24063936,http://www.ctas.tc.edu.tw,
061315,私立華盛頓高中,私立,[06]臺中市,[411]臺中市太平區廍仔坑路26號(原弘仁),(04)23934712,http://www.whs.tc.edu.tw,
061316,私立青年高中,私立,[06]臺中市,[412]臺中市大里區中湖路100號,(04)24954181,http://www.youth.tc.edu.tw,
061317,私立弘文高中,私立,[06]臺中市,[427]臺中市潭子區中山路三段221巷96號,(04)25340011,http://www.hwhs.tc.edu.tw,
061318,私立立人高中,私立,[06]臺中市,[412]臺中市大里區中興路二段380號,(04)24834138,http://www.lzsh.tc.edu.tw,
061319,私立玉山高中,私立,[06]臺中市,[423]臺中市東勢區東崎路四段399號,(04)25771313,http://www.yssh.tc.edu.tw,
061321,私立慈明高中,私立,[06]臺中市,[411]臺中市太平區光德路388號,(04)22713911,http://www.tmhs.tc.edu.tw,
064308,市立后綜高中,公立,[06]臺中市,[421]臺中市后里區廣福里三豐路80號,(04):25562012,http://www.hzsh.tc.edu.tw,
064324,市立大里高中,公立,[06]臺中市,[412]臺中市大里區國中路365號,(04)24067870,http://www.dlsh.tc.edu.tw,
064328,市立新社高中,公立,[06]臺中市,[426]臺中市新社區復盛里中和街三段國中巷10號,(04)25812116,http://www.sshs.tc.edu.tw,
064336,市立長億高中,公立,[06]臺中市,[411]臺中市太平區長億里長億六街1號,(04)22799267,http://www.cyhs.tc.edu.tw,
064342,市立中港高中,公立,[06]臺中市,[435]臺中市梧棲區文昌路400號,(04)26578270,http://www.cgsh.tc.edu.tw,
064350,市立龍津高中,公立,[06]臺中市,[434]臺中市龍井區三港路130號,(04)26304536,http://www.ljjhs.tc.edu.tw/,預計106學年招生。
190301,國立臺中女中,公立,[19]臺中市,[403]臺中市西區自由路一段95號,(04)22205108,http://www.tcgs.tc.edu.tw,
190302,國立臺中一中,公立,[19]臺中市,[404]臺中市北區育才街2號,(04)22226081,http://www.tcfsh.tc.edu.tw,
190303,國立臺中二中,公立,[19]臺中市,[404]臺中市北區英士路109號,(04)22021521,http://www.tcssh.tc.edu.tw,
190315,國立文華高中,公立,[19]臺中市,[407]臺中市西屯區寧夏路240號,(04)23124000,http://www.whsh.tc.edu.tw,
190404,國立臺中家商,公立,[19]臺中市,[401]臺中市東區和平街50號,(04)22223307,http://www.tchcvs.tc.edu.tw,
190406,國立興大附農,公立,[19]臺中市,[401]臺中市東區台中路283號,(04)22810010,http://www.tcavs.tc.edu.tw,
190407,國立臺中高工,公立,[19]臺中市,[402]臺中市南區高工路191號,(04)22613158,http://www.tcivs.tc.edu.tw,
191301,私立東大附中,私立,[19]臺中市,[407]臺中市西屯區臺灣大道四段1727號,(04)23590269,http://www.hn.thu.edu.tw,
191302,私立葳格高中,私立,[19]臺中市,[406]臺中市北屯區軍福十八路328號,(04)22713912,http://www.wagor.tc.edu.tw/~senior/,
191305,私立新民高中,私立,[19]臺中市,[404]臺中市北區健行路111號,(04)22334105,http://www.shinmin.tc.edu.tw,
191308,私立宜寧高中,私立,[19]臺中市,[402]臺中市南區復興路二段45號,(04)22613411,http://www.inhs.tc.edu.tw,
191309,私立明德高中,私立,[19]臺中市,[402]臺中市南區明德街84號,(04)22877676,http://www.mdhs.tc.edu.tw,
191311,私立衛道高中,私立,[19]臺中市,[406]臺中市北屯區四平路161號,(04)22911187,http://www.vtsh.tc.edu.tw,
191313,私立曉明女中,私立,[19]臺中市,[404]臺中市北區中清路一段606號,(04)22921175,http://www.smgsh.tc.edu.tw,
191314,私立嶺東高中,私立,[19]臺中市,[408]臺中市南屯區春社里嶺東路2號,(04)23898940,http://www.lths.tc.edu.tw,
191412,財團法人光華高工,私立,[19]臺中市,[411]臺中市太平區東平路18號,(04)23949009,http://www.khvs.tc.edu.tw,
193303,市立忠明高中,公立,[19]臺中市,[403]臺中市西區博館路166號,(04)23224690,http://www3.cmsh.tc.edu.tw,
193313,市立西苑高中,公立,[19]臺中市,[407]臺中市西屯區西苑路268號,(04)27016473,http://www.sysh.tc.edu.tw,
193315,市立東山高中,公立,[19]臺中市,[406]臺中市北屯區景賢六路200號,(04)24360166,http://www.tsjh.tc.edu.tw,
193316,市立惠文高中,公立,[19]臺中市,[408]臺中市南屯區公益路二段298號,(04)22503928,http://www.hwsh.tc.edu.tw,
0006,國立中興大學,公立,[19]臺中市,[402]臺中市南區興大路145號,(04)22873181,http://www.nchu.edu.tw,[1]一般
0039,國立臺中教育大學,公立,[19]臺中市,[403]臺中市西區民生路140號,(04)22183199,http://www.ntcu.edu.tw,[3]師範
0043,國立勤益科技大學,公立,[06]臺中市,[411]臺中市太平區坪林里中山路二段57號,(04)23924505,http://www.ncut.edu.tw,[2]技職
0049,國立臺灣體育運動大學,公立,[19]臺中市,[404]臺中市北區雙十路一段16號,(04)22213108,http://www.ntupes.edu.tw,[1]一般
0050,國立臺中科技大學,公立,[19]臺中市,[404]臺中市北區三民路三段129號,(04)22195678,http://www.nutc.edu.tw/bin/home.php,[2]技職
1001,東海大學,私立,[19]臺中市,[407]臺中市西屯區臺灣大道四段1727號,(04)23590121,http://www.thu.edu.tw,[1]一般
1007,逢甲大學,私立,[19]臺中市,[407]臺中市西屯區文華路100號,(04)24517250#2258,http://www.fcu.edu.tw,[1]一般
1008,靜宜大學,私立,[06]臺中市,[433]臺中市沙鹿區臺灣大道7段200號,(04)26328001,http://www.pu.edu.tw,[1]一般
1018,朝陽科技大學,私立,[06]臺中市,[413]臺中市霧峰區吉峰東路168號,(04)23323000,http://www.cyut.edu.tw,[2]技職
1029,中山醫學大學,私立,[19]臺中市,[402]臺中市南區建國北路一段110號,(04)24730022,http://www.csmu.edu.tw,[1]一般
1034,弘光科技大學,私立,[06]臺中市,[433]臺中市沙鹿區臺灣大道六段1018號,(04)26318652,http://www.hk.edu.tw,[2]技職
1035,中國醫藥大學,私立,[19]臺中市,[404]臺中市北區學士路91號,(04)22053366,http://www.cmu.edu.tw,[1]一般
1045,嶺東科技大學,私立,[19]臺中市,[408]臺中市南屯區嶺東路1號,(04)23892088,http://www.ltu.edu.tw,[2]技職
1047,中臺科技大學,私立,[19]臺中市,[406]臺中市北屯區廍子路666號,(04)22391647,http://www.ctust.edu.tw,[2]技職
1048,亞洲大學,私立,[06]臺中市,[413]臺中市霧峰區柳豐路500號,(04)23323456,http://www.asia.edu.tw,[1]一般
1062,僑光科技大學,私立,[19]臺中市,[407]臺中市西屯區僑光路100號,(04)27016855,http://www.ocu.edu.tw,[2]技職
1069,修平科技大學,私立,[06]臺中市,[412]臺中市大里區工業路11號,(04)24961100,http://www.hust.edu.tw/,[2]技職
0A09,國立臺中科技大學附進修專校,公立,[19]臺中市,[404]臺中市北區三民路三段129號,(04)22195678,
0A11,國立勤益科技大學附進修專校,公立,[06]臺中市,[411]臺中市太平區中山路二段57號,(04)23924505,
0A15,國立勤益科技大學附進修學院,公立,[06]臺中市,[411]臺中市太平區中山路二段57號,(04)23924505,
0A16,國立臺中科技大學附進修學院,公立,[19]臺中市,[404]臺中市北區三民路三段129號,(04)22195678,
0A18,國立臺中科技大學附空中進院,公立,[19]臺中市,[404]臺中市北區三民路三段129號,(04)22195678,
1A16,修平科技大學附進修專校,私立,[06]臺中市,[412]臺中市大里區工業路11號,(04)24961100,
1A17,嶺東科技大學附進修專校,私立,[19]臺中市,[408]臺中市南屯區嶺東路一號,(04)23892088,
1A40,嶺東科技大學附進修學院,私立,[19]臺中市,[408]臺中市南屯區嶺東路一號,(04)23892088,
1A57,修平科技大學附進修學院,私立,[06]臺中市,[412]臺中市大里區工業路11號,(04)24961100,
1A80,中臺科技大學附進修學院,私立,[19]臺中市,[406]臺中市北屯區大坑廓子里一一號,(04)22391647,
060F01,國立臺中啟明學校,公立,[06]臺中市,[421]臺中市后里區三豐路三段936號,(04)25562126,http://www.cmsb.tc.edu.tw,
061F01,私立惠明學校,私立,[06]臺中市,[428]臺中市大雅區雅潭路280號,(04)25661024,http://www.hmsh.tc.edu.tw,
190F01,國立臺中啟聰學校,公立,[19]臺中市,[407]臺中市西屯區協和里安和路1號,(04)23589577,http://www.thdf.tc.edu.tw,
190F02,國立臺中特殊教育學校,公立,[19]臺中市,[408]臺中市南屯區公益路二段296號,(04)22582289,http://www.tcspe.tc.edu.tw,
